City ID,City,Country,Date,Lat,Lng,Max Temp (F),Humidity (%),Cloudiness (%),Wind Speed (mph)
0,Victor Harbor,AU,2021-08-07 17:41:23,-35.5667,138.6167,51.91,81,46,5.1
1,Nouadhibou,MR,2021-08-07 17:50:42,20.931,-17.0347,70.29,88,1,11.72
2,Yulara,AU,2021-08-07 17:40:44,-25.2406,130.9889,49.84,43,0,6.91
3,Torbay,CA,2021-08-07 17:41:09,47.6666,-52.7314,78.89,73,75,31.07
4,Rikitea,PF,2021-08-07 17:40:45,-23.1203,-134.9692,73.98,80,5,11.52
5,Vaini,TO,2021-08-07 17:41:35,-21.2,-175.2,66.36,82,20,6.91
6,Jamestown,US,2021-08-07 17:50:43,42.097,-79.2353,83.08,61,75,6.91
7,Carnarvon,AU,2021-08-07 17:50:43,-24.8667,113.6333,66.27,90,90,8.05
8,Albany,US,2021-08-07 17:40:51,42.6001,-73.9662,86.67,68,100,2.46
9,Codrington,AU,2021-08-07 17:50:44,-38.2667,141.9667,42.73,92,12,7.49
10,Castro,BR,2021-08-07 17:41:43,-24.7911,-50.0119,65.97,61,87,5.55
11,East London,ZA,2021-08-07 17:41:04,-33.0153,27.9116,61.74,82,0,6.91
12,Mil'kovo,RU,2021-08-07 17:50:44,54.7167,158.6167,39.72,95,18,3.42
13,Nurobod,UZ,2021-08-07 17:50:45,40.9056,69.8023,88.65,19,5,3.0
14,Ushuaia,AR,2021-08-07 17:40:56,-54.8,-68.3,29.86,93,90,20.71
15,Saint-Pierre,RE,2021-08-07 17:50:46,-21.3393,55.4781,71.24,77,90,4.61
16,Hobart,AU,2021-08-07 17:37:16,-42.8794,147.3294,37.06,85,44,3.0
17,Lavrentiya,RU,2021-08-07 17:40:58,65.5833,-171.0,43.48,82,100,14.65
18,Port Elizabeth,ZA,2021-08-07 17:50:46,-33.918,25.5701,61.09,88,0,11.5
19,Faanui,PF,2021-08-07 17:40:50,-16.4833,-151.75,78.12,70,63,9.69
20,Isangel,VU,2021-08-07 17:50:47,-19.55,169.2667,68.79,77,90,6.73
21,Coahuayana Viejo,MX,2021-08-07 17:50:47,18.7333,-103.6833,90.75,55,75,5.17
22,Atuona,PF,2021-08-07 17:40:58,-9.8,-139.0333,77.31,82,94,18.1
23,Caravelas,BR,2021-08-07 17:50:48,-17.7125,-39.2481,69.53,85,99,11.05
24,Kathu,TH,2021-08-07 17:50:48,7.9178,98.3332,82.22,82,78,9.91
25,Bilma,NE,2021-08-07 17:50:49,18.6853,12.9164,103.06,12,37,13.06
26,Severnyy,RU,2021-08-07 17:50:50,50.677,36.5532,73.44,68,0,6.71
27,Cherskiy,RU,2021-08-07 17:41:11,68.75,161.3,51.08,57,100,5.35
28,Belyy Yar,RU,2021-08-07 17:50:50,53.6039,91.3903,60.69,94,0,0.0
29,Kapaa,US,2021-08-07 17:50:51,22.0752,-159.319,79.12,70,1,1.01
30,Turukhansk,RU,2021-08-07 17:50:51,65.8167,87.9833,64.26,58,77,5.28
31,Pokhara,NP,2021-08-07 17:50:51,28.2333,83.9833,74.12,84,73,2.06
32,Mar del Plata,AR,2021-08-07 17:39:33,-38.0023,-57.5575,64.42,82,0,9.22
33,Esperance,AU,2021-08-07 17:50:52,-33.8667,121.9,58.84,77,99,9.66
34,Tabou,CI,2021-08-07 17:50:52,4.423,-7.3528,78.75,77,93,12.33
35,Geraldton,AU,2021-08-07 17:50:53,-28.7667,114.6,64.81,94,90,13.8
36,Provideniya,RU,2021-08-07 17:41:02,64.3833,-173.3,44.17,84,100,6.55
37,Mataura,NZ,2021-08-07 17:50:54,-46.1927,168.8643,34.48,99,100,0.94
38,Cape Town,ZA,2021-08-07 17:41:10,-33.9258,18.4232,53.89,95,90,1.01
39,Vostok,RU,2021-08-07 17:50:54,46.4856,135.8833,59.59,99,100,3.76
40,Tasiilaq,GL,2021-08-07 17:50:55,65.6145,-37.6368,40.06,95,100,5.99
41,Fort Nelson,CA,2021-08-07 17:50:55,58.8053,-122.7002,54.99,100,90,12.66
42,Macklin,CA,2021-08-07 17:49:57,52.3334,-109.9348,70.93,47,100,8.28
43,Pangoa,PE,2021-08-07 17:50:56,-12.1167,-73.0,86.23,32,0,5.26
44,Saldanha,ZA,2021-08-07 17:50:56,-33.0117,17.9442,53.65,70,100,6.87
45,Khatanga,RU,2021-08-07 17:41:01,71.9667,102.5,50.29,70,7,7.29
46,Ust'-Ilimsk,RU,2021-08-07 17:50:57,58.0006,102.6619,54.12,58,13,0.29
47,Puerto Ayora,EC,2021-08-07 17:41:05,-0.7393,-90.3518,78.76,85,68,7.0
48,Ahipara,NZ,2021-08-07 17:41:49,-35.1667,173.1667,53.55,86,44,8.63
49,Katherine,AU,2021-08-07 17:50:58,-14.4667,132.2667,55.72,50,31,5.75
50,Sestri Levante,IT,2021-08-07 17:50:58,44.2732,9.3968,81.21,82,30,4.0
51,Okhotsk,RU,2021-08-07 17:50:58,59.3833,143.3,56.61,64,5,7.76
52,Batouri,CM,2021-08-07 17:50:59,4.4333,14.3667,68.97,98,99,2.42
53,Annau,TM,2021-08-07 17:50:59,37.8876,58.516,94.5,13,6,4.61
54,Orda,RU,2021-08-07 17:51:00,57.1951,56.9091,53.51,77,44,7.05
55,Pevek,RU,2021-08-07 17:51:00,69.7008,170.3133,40.5,81,40,4.88
56,Chokurdakh,RU,2021-08-07 17:51:01,70.6333,147.9167,47.84,74,9,5.88
57,Nikolskoye,RU,2021-08-07 17:51:01,59.7035,30.7861,62.49,99,100,6.08
58,Beeville,US,2021-08-07 17:51:01,28.4008,-97.7483,90.95,70,40,12.66
59,Port Alfred,ZA,2021-08-07 17:41:11,-33.5906,26.891,60.06,84,63,13.87
60,San Rafael,AR,2021-08-07 17:51:02,-34.6177,-68.3301,60.49,31,0,15.64
61,Ribeira Grande,PT,2021-08-07 17:51:03,38.5167,-28.7,73.8,56,40,13.8
62,New Norfolk,AU,2021-08-07 17:41:29,-42.7826,147.0587,36.72,84,63,2.8
63,Punta Arenas,CL,2021-08-07 17:41:14,-53.15,-70.9167,35.71,80,0,21.85
64,San Quintín,MX,2021-08-07 17:41:13,30.4833,-115.95,73.51,67,16,8.41
65,Narsaq,GL,2021-08-07 17:51:04,60.9167,-46.05,45.37,84,100,7.43
66,Sioux Lookout,CA,2021-08-07 17:51:04,50.1001,-91.917,66.58,68,75,8.05
67,Vila Velha,BR,2021-08-07 17:49:37,-20.3297,-40.2925,71.55,73,90,12.66
68,Alhaurín el Grande,ES,2021-08-07 17:51:05,36.643,-4.6873,94.39,19,0,14.97
69,Qaanaaq,GL,2021-08-07 17:42:34,77.484,-69.3632,41.9,73,92,1.83
70,Pindwāra,IN,2021-08-07 17:51:05,24.8,73.0667,79.09,79,52,4.97
71,Butaritari,KI,2021-08-07 17:51:06,3.0707,172.7902,82.09,71,22,13.87
72,Constitución,CL,2021-08-07 17:51:07,-35.3333,-72.4167,56.03,65,77,14.07
73,Ciudad de Allende,MX,2021-08-07 17:51:07,25.2833,-100.0167,88.99,45,2,6.31
74,Grindavik,IS,2021-08-07 17:51:07,63.8424,-22.4338,59.56,87,75,8.05
75,Lompoc,US,2021-08-07 17:47:45,34.6391,-120.4579,83.1,74,1,4.61
76,Avera,US,2021-08-07 17:51:08,33.194,-82.5271,86.72,55,85,3.76
77,Adrar,MR,2021-08-07 17:51:09,20.5022,-10.0711,103.14,19,4,16.35
78,Coquimbo,CL,2021-08-07 17:51:09,-29.9533,-71.3436,60.53,58,40,6.91
79,Takoradze,GH,2021-08-07 17:51:09,4.8845,-1.7554,78.01,79,84,13.2
80,Tshikapa,CD,2021-08-07 17:51:10,-6.4167,20.8,83.62,16,99,3.44
81,Bambous Virieux,MU,2021-08-07 17:51:11,-20.3428,57.7575,71.85,83,40,12.66
82,Douglas,US,2021-08-07 17:50:46,41.3,-96.167,78.1,83,40,5.75
83,Luebo,CD,2021-08-07 17:51:11,-5.35,21.4167,81.34,21,100,1.39
84,Bandarbeyla,SO,2021-08-07 17:51:12,9.4942,50.8122,75.76,83,7,30.62
85,Athabasca,CA,2021-08-07 17:47:32,54.7169,-113.2854,58.82,81,95,2.62
86,Katsuura,JP,2021-08-07 17:51:12,35.1333,140.3,78.91,92,99,16.2
87,Elk City,US,2021-08-07 17:51:13,35.412,-99.4043,90.16,48,1,13.8
88,Batagay,RU,2021-08-07 17:51:14,67.6333,134.6333,57.42,48,65,2.51
89,Mount Isa,AU,2021-08-07 17:51:14,-20.7333,139.5,47.97,43,0,0.0
90,Awjilah,LY,2021-08-07 17:51:15,29.1081,21.2869,97.66,16,0,14.97
91,Hermanus,ZA,2021-08-07 17:51:15,-34.4187,19.2345,52.9,73,100,1.83
92,Comodoro Rivadavia,AR,2021-08-07 17:51:15,-45.8667,-67.5,51.66,32,0,29.93
93,Upernavik,GL,2021-08-07 17:51:16,72.7868,-56.1549,40.96,94,100,8.34
94,Hobyo,SO,2021-08-07 17:51:16,5.3505,48.5268,76.37,81,73,26.46
95,Grand Gaube,MU,2021-08-07 17:51:17,-20.0064,57.6608,72.0,69,1,5.01
96,Balboa,CO,2021-08-07 17:51:17,2.0396,-77.2168,81.55,36,5,3.38
97,Umluj,SA,2021-08-07 17:51:18,25.0213,37.2685,93.61,40,2,3.27
98,Pozo Colorado,PY,2021-08-07 17:51:18,-23.4923,-58.7972,95.31,15,0,12.39
99,Fare,PF,2021-08-07 17:51:19,-16.7,-151.0167,77.68,72,56,7.81
100,Dikson,RU,2021-08-07 17:51:19,73.5069,80.5464,48.52,73,11,10.33
101,Saint George,US,2021-08-07 17:41:39,37.1041,-113.5841,93.67,15,1,3.44
102,Misratah,LY,2021-08-07 17:51:20,32.3754,15.0925,83.86,66,0,15.61
103,Lawrenceburg,US,2021-08-07 17:51:20,38.0373,-84.8966,88.27,55,20,1.01
104,Busselton,AU,2021-08-07 17:51:21,-33.65,115.3333,57.09,92,100,13.27
105,Thompson,CA,2021-08-07 17:47:55,55.7435,-97.8558,69.96,64,75,8.05
106,Bluff,NZ,2021-08-07 17:51:22,-46.6,168.3333,34.81,76,100,2.28
107,Bathsheba,BB,2021-08-07 17:51:22,13.2167,-59.5167,86.61,66,40,13.8
108,Airai,TL,2021-08-07 17:51:22,-8.9266,125.4092,53.37,71,44,2.75
109,Taltal,CL,2021-08-07 17:51:23,-25.4,-70.4833,58.06,70,30,6.02
110,Bariloche,AR,2021-08-07 17:51:23,-41.1456,-71.3082,40.75,45,20,19.57
111,Lebu,CL,2021-08-07 17:51:24,-37.6167,-73.65,51.69,66,26,19.53
112,Wanning,CN,2021-08-07 17:51:24,18.8003,110.3967,81.82,86,100,7.85
113,Morehead,US,2021-08-07 17:51:25,37.2711,-87.1764,87.12,58,1,4.61
114,Tsuruoka,JP,2021-08-07 17:51:25,38.7217,139.8217,77.49,88,100,6.71
115,Acapulco de Juárez,MX,2021-08-07 17:51:25,16.8634,-99.8901,87.42,59,99,10.67
116,Bethel,US,2021-08-07 17:51:26,41.3712,-73.414,85.24,62,1,10.36
117,Brownwood,US,2021-08-07 17:51:26,31.7093,-98.9912,92.52,40,53,14.38
118,Ponta do Sol,PT,2021-08-07 17:41:33,32.6667,-17.1,77.0,81,60,6.58
119,Tuatapere,NZ,2021-08-07 17:51:27,-46.1333,167.6833,34.83,96,100,1.19
120,Arraial do Cabo,BR,2021-08-07 17:41:47,-22.9661,-42.0278,75.16,60,75,17.27
121,Mandalgovi,MN,2021-08-07 17:51:28,45.7625,106.2708,61.79,54,96,9.08
122,Saint Paul Harbor,US,2021-08-07 17:51:28,57.79,-152.4072,54.91,88,40,4.61
123,Doka,SD,2021-08-07 17:51:28,13.5167,35.7667,78.49,71,56,7.74
124,Inongo,CD,2021-08-07 17:51:29,-1.95,18.2667,74.05,67,74,8.77
125,Hilo,US,2021-08-07 17:51:30,19.7297,-155.09,75.79,89,90,4.61
126,Mango,US,2021-08-07 17:51:30,27.9797,-82.3065,93.97,71,75,0.0
127,Lagoa,PT,2021-08-07 17:51:30,39.05,-27.9833,68.88,66,100,12.68
128,San Patricio,US,2021-08-07 17:51:31,28.017,-97.5169,93.02,44,5,14.9
129,Osoyoos,CA,2021-08-07 17:47:32,49.0331,-119.4524,80.19,57,100,0.0
130,Boden,SE,2021-08-07 17:42:33,65.8252,21.6886,71.6,48,56,5.73
131,Kununurra,AU,2021-08-07 17:51:32,-15.7667,128.7333,57.18,77,45,1.14
132,Synya,RU,2021-08-07 17:51:32,65.3718,58.0387,50.16,97,100,6.58
133,Yar-Sale,RU,2021-08-07 17:51:32,66.8333,70.8333,61.79,78,24,10.22
134,Cam Ranh,VN,2021-08-07 17:51:33,11.9214,109.1591,84.16,79,20,0.0
135,Keetmanshoop,NA,2021-08-07 17:51:33,-26.5833,18.1333,72.52,8,7,9.22
136,Japura,ID,2021-08-07 17:51:34,-0.3167,102.35,77.4,93,94,3.44
137,Necochea,AR,2021-08-07 17:51:34,-38.5473,-58.7368,58.03,67,100,13.33
138,Polunochnoye,RU,2021-08-07 17:51:35,60.8697,60.4153,53.08,89,100,6.89
139,Lososina,RU,2021-08-07 17:51:35,48.9975,140.3106,54.73,88,100,10.11
140,Saint-Philippe,RE,2021-08-07 17:51:36,-21.3585,55.7679,71.15,79,52,13.33
141,Hervey Bay,AU,2021-08-07 17:39:41,-25.2986,152.8535,56.03,77,0,7.65
142,Kruisfontein,ZA,2021-08-07 17:51:36,-34.0033,24.7314,55.89,83,100,4.54
143,Mossamedes,AO,2021-08-07 17:49:37,-15.1961,12.1522,74.03,83,90,13.8
144,Guerrero Negro,MX,2021-08-07 17:51:37,27.9769,-114.0611,79.63,59,9,6.98
145,Pangnirtung,CA,2021-08-07 17:41:56,66.1451,-65.7125,46.4,81,75,17.27
146,Kiunga,PG,2021-08-07 17:51:37,-6.1219,141.2906,71.24,99,100,3.53
147,Abū Zabad,SD,2021-08-07 17:51:38,12.35,29.25,76.03,74,100,7.11
148,Talnakh,RU,2021-08-07 17:51:38,69.4865,88.3972,58.82,54,66,4.32
149,The Valley,AI,2021-08-07 17:51:39,18.217,-63.0578,89.46,70,40,13.8
150,Sorrento,IT,2021-08-07 17:51:39,40.626,14.3744,85.33,30,0,0.0
151,Korla,CN,2021-08-07 17:51:39,41.7597,86.1469,79.75,33,5,5.1
152,Hithadhoo,MV,2021-08-07 17:51:40,-0.6,73.0833,82.31,73,100,10.13
153,Kumylzhenskaya,RU,2021-08-07 17:51:41,49.8809,42.5898,80.73,22,98,9.08
154,Morgan City,US,2021-08-07 17:51:41,29.6994,-91.2068,93.0,66,75,0.0
155,Paamiut,GL,2021-08-07 17:51:42,61.994,-49.6678,42.39,93,100,3.15
156,Bredasdorp,ZA,2021-08-07 17:51:42,-34.5322,20.0403,52.92,94,100,2.3
157,Mawlaik,MM,2021-08-07 17:51:42,23.6333,94.4167,77.22,99,100,1.83
158,Santiago de Cao,PE,2021-08-07 17:51:43,-7.9589,-79.2392,66.33,72,90,10.36
159,George,ZA,2021-08-07 17:51:28,-33.963,22.4617,56.75,88,0,4.61
160,Skibbereen,IE,2021-08-07 17:51:43,51.55,-9.2667,62.4,79,19,22.21
161,Khandyga,RU,2021-08-07 17:51:44,62.6667,135.6,54.39,64,10,3.6
162,Ambilobe,MG,2021-08-07 17:51:44,-13.2,49.05,70.03,82,70,3.94
163,City of San Pedro,PH,2021-08-07 17:51:45,14.35,121.0167,82.35,87,20,3.44
164,Wanaka,NZ,2021-08-07 17:51:45,-44.7,169.15,34.11,99,100,1.99
165,Iquique,CL,2021-08-07 17:51:45,-20.2208,-70.1431,62.64,65,15,7.07
166,Lorengau,PG,2021-08-07 17:51:46,-2.0226,147.2712,78.75,82,51,4.76
167,Manjacaze,MZ,2021-08-07 17:51:46,-24.7117,33.8828,63.5,93,39,5.57
168,Genhe,CN,2021-08-07 17:51:47,50.7833,121.5167,55.85,96,9,4.7
169,Garissa,KE,2021-08-07 17:51:47,-0.4536,39.6401,78.8,54,51,21.41
170,Hualmay,PE,2021-08-07 17:51:47,-11.0964,-77.6139,68.58,68,38,12.88
171,Vitim,RU,2021-08-07 17:51:48,59.4511,112.5578,55.71,96,91,1.48
172,Nioro,GM,2021-08-07 17:51:48,13.35,-15.75,83.53,71,93,9.08
173,Batagay-Alyta,RU,2021-08-07 17:51:49,67.8006,130.4114,53.15,59,45,3.6
174,Mokobeng,BW,2021-08-07 17:51:49,-22.9965,27.6678,70.9,19,0,4.85
175,Nanortalik,GL,2021-08-07 17:51:49,60.1432,-45.2371,47.14,88,100,18.68
176,Kaitangata,NZ,2021-08-07 17:51:50,-46.2817,169.8464,37.49,88,100,4.07
177,Juneau,US,2021-08-07 17:51:50,58.3019,-134.4197,60.85,98,90,0.0
178,Buraidah,SA,2021-08-07 17:51:26,26.326,43.975,100.85,12,87,6.38
179,São Filipe,CV,2021-08-07 17:51:51,14.8961,-24.4956,79.25,81,48,5.59
180,Half Moon Bay,US,2021-08-07 17:51:52,37.4636,-122.4286,78.78,75,75,3.44
181,Binzhou,CN,2021-08-07 17:51:52,37.3667,118.0167,72.36,84,0,3.56
182,Maţāy,EG,2021-08-07 17:51:53,28.419,30.7792,99.48,14,0,10.42
183,Severo-Kuril'sk,RU,2021-08-07 17:51:53,50.6789,156.125,52.72,85,93,10.85
184,Tautira,PF,2021-08-07 17:51:53,-17.7333,-149.15,75.22,79,30,7.07
185,Spornoye,RU,2021-08-07 17:51:54,50.8448,37.2913,73.42,48,92,7.9
186,Abaeté,BR,2021-08-07 17:51:54,-19.16,-45.4458,74.61,41,95,7.29
187,Saskylakh,RU,2021-08-07 17:51:55,71.9167,114.0833,48.63,77,45,7.85
188,Tiksi,RU,2021-08-07 17:41:55,71.6872,128.8694,46.62,80,95,4.63
189,Sobolevo,RU,2021-08-07 17:51:55,54.4299,31.8996,60.08,80,100,7.38
190,Copala,MX,2021-08-07 17:51:56,16.65,-98.9833,84.7,66,100,7.25
191,Lüderitz,NA,2021-08-07 17:51:56,-26.6481,15.1594,58.89,66,5,1.48
192,Monrovia,LR,2021-08-07 17:51:56,6.3005,-10.7969,83.97,69,45,10.42
193,Saint-Augustin,CA,2021-08-07 17:51:57,51.226,-58.6502,78.76,52,75,22.97
194,Vao,NC,2021-08-07 17:51:57,-22.6667,167.4833,67.05,64,100,5.37
195,Bilibino,RU,2021-08-07 17:51:58,68.0546,166.4372,43.83,72,35,7.49
196,Gizo Government Station,SB,2021-08-07 17:51:58,-8.103,156.8419,80.71,77,85,11.3
197,Chaman,PK,2021-08-07 17:51:59,30.9236,66.4512,82.27,13,0,4.81
198,Kutum,SD,2021-08-07 17:51:59,14.2,24.6667,77.88,57,83,14.56
199,Rawson,AR,2021-08-07 17:52:00,-43.3002,-65.1023,57.49,18,0,33.38
200,Yendi,GH,2021-08-07 17:52:00,9.4427,-0.0099,78.73,76,97,5.06
201,Barrow,US,2021-08-07 17:52:00,71.2906,-156.7887,35.62,79,90,6.91
202,Port Augusta,AU,2021-08-07 17:52:01,-32.5,137.7667,47.71,73,0,5.19
203,Husavik,IS,2021-08-07 17:52:01,66.0449,-17.3389,58.91,70,86,6.67
204,San Juan,AR,2021-08-07 17:52:02,-31.5375,-68.5364,66.47,31,0,17.54
205,Mayumba,GA,2021-08-07 17:52:02,-3.432,10.6554,73.13,83,100,6.06
206,Waingapu,ID,2021-08-07 17:52:03,-9.6567,120.2641,74.53,80,66,10.69
207,Praia,CV,2021-08-07 17:52:03,14.9215,-23.5087,82.94,74,75,12.66
208,Cabo San Lucas,MX,2021-08-07 17:52:03,22.8909,-109.9124,93.61,68,94,7.34
209,Ancud,CL,2021-08-07 17:52:04,-41.8697,-73.8203,47.73,70,93,9.51
210,Iqaluit,CA,2021-08-07 17:52:04,63.7506,-68.5145,47.93,76,90,18.41
211,Lata,PT,2021-08-07 17:52:05,40.1629,-8.3327,70.92,54,18,11.12
212,Barcelos,PT,2021-08-07 17:52:05,41.5388,-8.6151,72.28,62,4,11.63
213,Avarua,CK,2021-08-07 17:52:05,-21.2078,-159.775,73.45,83,75,3.44
214,Northam,GB,2021-08-07 17:52:06,51.0333,-4.2167,63.39,90,46,22.66
215,Ayacucho,PE,2021-08-07 17:52:06,-13.1583,-74.2239,67.86,21,20,3.44
216,Yellowknife,CA,2021-08-07 17:50:38,62.456,-114.3525,63.12,88,90,19.57
217,Hong Kong,HK,2021-08-07 17:51:11,22.2855,114.1577,84.16,90,100,8.43
218,Zhigalovo,RU,2021-08-07 17:52:07,54.8097,105.1578,52.05,96,26,2.98
219,Sayville,US,2021-08-07 17:52:07,40.7359,-73.0821,88.18,64,75,4.0
220,Dunedin,NZ,2021-08-07 17:52:08,-45.8742,170.5036,39.79,70,100,1.01
221,College,US,2021-08-07 17:52:08,64.8569,-147.8028,58.59,94,75,3.44
222,Okha,RU,2021-08-07 17:52:09,53.5739,142.9478,52.52,82,20,14.36
223,Leningradskiy,RU,2021-08-07 17:52:09,69.3833,178.4167,36.3,84,93,11.14
224,La Palma,US,2021-08-07 17:52:09,33.8464,-118.0467,91.65,72,75,3.0
225,Khani,GE,2021-08-07 17:52:10,41.9563,42.9566,71.17,91,91,3.53
226,Pueblo,US,2021-08-07 17:52:10,38.2545,-104.6091,88.74,33,1,4.0
227,Kamień Pomorski,PL,2021-08-07 17:52:11,53.9685,14.7726,73.9,58,81,5.91
228,Puerto del Rosario,ES,2021-08-07 17:52:11,28.5004,-13.8627,78.48,69,20,12.66
229,Samarai,PG,2021-08-07 17:52:12,-10.6167,150.6667,77.38,86,100,16.31
230,Tchibanga,GA,2021-08-07 17:52:12,-2.85,11.0333,71.56,84,97,5.77
231,George Town,MY,2021-08-07 17:48:22,5.4112,100.3354,83.89,85,20,1.01
232,Pombal,BR,2021-08-07 17:52:13,-6.7703,-37.8017,89.82,32,44,17.63
233,Safi,MA,2021-08-07 17:52:13,32.2994,-9.2372,72.28,77,18,18.21
234,Mergen,CN,2021-08-07 17:52:14,49.1833,125.2167,63.48,91,9,3.04
235,Prince George,CA,2021-08-07 17:51:25,53.9166,-122.753,63.25,60,1,1.01
236,Tsimmerbude,RU,2021-08-07 17:52:14,54.675,20.1347,66.25,74,30,1.32
237,Klaksvík,FO,2021-08-07 17:52:15,62.2266,-6.589,67.12,89,100,18.61
238,Niquelândia,BR,2021-08-07 17:52:15,-14.4739,-48.4597,85.75,27,95,9.06
239,Ouargaye,BF,2021-08-07 17:52:16,11.5033,0.0572,86.16,57,86,3.65
240,Shingū,JP,2021-08-07 17:52:16,33.7333,135.9833,78.91,81,2,5.55
241,Bangkok,TH,2021-08-07 17:50:26,13.75,100.5167,82.92,78,56,7.2
242,La Crosse,US,2021-08-07 17:51:53,43.8014,-91.2396,71.6,92,90,14.97
243,Mahébourg,MU,2021-08-07 17:52:17,-20.4081,57.7,71.89,83,40,12.66
244,Calama,CL,2021-08-07 17:52:18,-22.4667,-68.9333,68.49,8,16,17.27
245,Abbeville,FR,2021-08-07 17:52:18,50.1,1.8333,63.81,86,54,20.62
246,San Cristobal,VE,2021-08-07 17:52:18,7.7669,-72.225,84.38,41,61,7.87
247,San Policarpo,PH,2021-08-07 17:52:19,12.1791,125.5072,79.79,83,68,4.21
248,Erenhot,CN,2021-08-07 17:52:19,43.6475,111.9767,80.24,27,100,5.86
249,Cidreira,BR,2021-08-07 17:52:20,-30.1811,-50.2056,66.47,75,12,11.68
250,Port-Gentil,GA,2021-08-07 17:52:20,-0.7193,8.7815,76.96,88,75,13.8
251,Santa Maria,BR,2021-08-07 17:52:20,-29.6842,-53.8069,81.7,47,0,6.91
252,Cockburn Town,TC,2021-08-07 17:52:21,21.4612,-71.1419,85.96,66,40,12.66
253,Orhangazi,TR,2021-08-07 17:52:21,40.4892,29.3089,77.77,79,12,5.46
254,Novopokrovka,UA,2021-08-07 17:52:22,49.8425,36.5477,75.58,48,92,1.95
255,Cayenne,GF,2021-08-07 17:52:22,4.9333,-52.3333,87.1,73,75,4.0
256,Norman Wells,CA,2021-08-07 17:52:23,65.282,-126.8329,46.44,76,90,8.05
257,Saint Anthony,US,2021-08-07 17:52:23,45.0205,-93.218,73.53,92,90,4.61
258,Kawalu,ID,2021-08-07 17:52:23,-7.3817,108.2082,72.23,99,35,0.29
259,Newport,GB,2021-08-07 17:52:24,51.5877,-2.9984,65.07,83,62,22.26
260,Souillac,MU,2021-08-07 17:52:24,-20.5167,57.5167,71.98,83,40,12.66
261,Kudahuvadhoo,MV,2021-08-07 17:52:25,2.6708,72.8944,81.39,78,100,9.78
262,Shitanjing,CN,2021-08-07 17:52:25,39.2342,106.3439,74.71,34,100,10.25
263,Aksu,CN,2021-08-07 17:52:26,41.1231,80.2644,77.67,38,43,8.72
264,Yaan,NG,2021-08-07 17:52:26,7.3833,8.5667,72.61,94,86,4.43
265,Vila do Maio,CV,2021-08-07 17:52:26,15.1333,-23.2167,83.19,84,41,7.4
266,Auki,SB,2021-08-07 17:52:27,-8.7676,160.7034,76.35,85,100,3.85
267,Maniitsoq,GL,2021-08-07 17:52:27,65.4167,-52.9,42.67,89,100,7.61
268,Mezen',RU,2021-08-07 17:52:28,65.8522,44.24,52.95,81,6,4.76
269,Ilulissat,GL,2021-08-07 17:52:28,69.2167,-51.1,42.58,64,99,3.02
270,Tottori-shi,JP,2021-08-07 17:49:18,35.5,134.2333,78.39,84,2,5.12
271,Tiznit Province,MA,2021-08-07 17:52:29,29.5833,-9.5,70.3,66,6,8.81
272,Gboko,NG,2021-08-07 17:52:29,7.3179,8.9951,73.44,91,93,5.97
273,Hofn,IS,2021-08-07 17:52:29,64.2539,-15.2082,57.18,79,100,10.67
274,Goiatuba,BR,2021-08-07 17:52:30,-18.0125,-49.3547,80.42,28,92,5.79
275,San-Pédro,CI,2021-08-07 17:52:30,4.7485,-6.6363,77.85,79,97,11.63
276,Dumai,ID,2021-08-07 17:52:31,1.6833,101.45,74.84,97,51,2.24
277,Plettenberg Bay,ZA,2021-08-07 17:52:31,-34.0527,23.3716,59.32,78,96,3.18
278,Sabang,ID,2021-08-07 17:52:32,5.8933,95.3214,82.99,78,84,13.18
279,Chui,UY,2021-08-07 17:52:32,-33.6971,-53.4616,70.14,63,13,7.02
280,Igarka,RU,2021-08-07 17:52:33,67.4667,86.5833,60.73,59,77,2.62
281,Bonfim,BR,2021-08-07 17:52:33,3.0833,-59.95,87.08,59,63,4.41
282,Chirawa,IN,2021-08-07 17:52:33,28.2408,75.6448,85.55,66,71,5.77
283,Costa Rica,BR,2021-08-07 17:48:35,-23.4167,-54.65,86.58,23,0,9.73
284,Port-Cartier,CA,2021-08-07 17:48:32,50.0334,-66.8654,70.02,63,94,9.46
285,Alberton,CA,2021-08-07 17:52:34,46.8168,-64.0654,75.33,64,94,15.08
286,Bandar-e Anzali,IR,2021-08-07 17:52:35,37.4727,49.4622,82.09,74,3,2.77
287,Amurzet,RU,2021-08-07 17:52:35,47.6967,131.0981,61.66,90,100,12.3
288,Itarema,BR,2021-08-07 17:52:36,-2.9248,-39.9167,86.68,53,26,19.6
289,Nicolás Bravo,MX,2021-08-07 17:52:36,18.45,-88.9167,87.67,62,52,7.25
290,Port Said,EG,2021-08-07 17:52:36,31.2565,32.2841,87.78,74,0,13.8
291,Kosino,RU,2021-08-07 17:52:37,58.4127,51.2782,56.17,73,62,3.62
292,Ginda,IN,2021-08-07 17:52:37,30.6945,78.4932,67.69,91,80,1.57
293,Shenjiamen,CN,2021-08-07 17:52:38,29.9576,122.298,79.56,87,20,17.34
294,Mehamn,NO,2021-08-07 17:52:38,71.0357,27.8492,63.25,64,53,5.79
295,Tyukalinsk,RU,2021-08-07 17:52:38,55.8732,72.1967,62.44,89,60,6.29
296,Longyearbyen,SJ,2021-08-07 17:52:39,78.2186,15.6401,43.57,96,100,6.33
297,Lexington,US,2021-08-07 17:50:27,37.9887,-84.4777,87.69,52,75,1.01
298,Usinsk,RU,2021-08-07 17:52:40,65.9939,57.5281,52.02,84,100,11.7
299,Nabire,ID,2021-08-07 17:52:40,-3.3667,135.4833,75.11,91,99,3.0
300,Progreso,MX,2021-08-07 17:52:40,21.2833,-89.6667,88.02,60,4,14.7
301,Alice Springs,AU,2021-08-07 17:48:30,-23.7,133.8833,36.95,52,0,5.75
302,Galesong,ID,2021-08-07 17:52:41,-5.3166,119.3661,75.22,75,98,5.03
303,Meulaboh,ID,2021-08-07 17:52:41,4.1363,96.1285,77.88,87,98,5.23
304,Paciran,ID,2021-08-07 17:52:42,-6.8767,112.3761,79.16,84,54,9.57
305,Guatire,VE,2021-08-07 17:52:42,10.4762,-66.5427,87.21,60,51,4.09
306,Amuntai,ID,2021-08-07 17:52:43,-2.4177,115.2494,75.65,90,94,0.92
307,Dolores,AR,2021-08-07 17:52:43,-36.3132,-57.6792,74.8,50,52,8.48
308,Hasaki,JP,2021-08-07 17:51:10,35.7333,140.8333,79.09,89,100,10.45
309,Rocha,UY,2021-08-07 17:52:44,-34.4833,-54.3333,74.75,61,9,9.73
310,Kavieng,PG,2021-08-07 17:52:44,-2.5744,150.7967,81.79,78,89,14.67
311,Gold Coast,AU,2021-08-07 17:50:59,-28.0,153.4333,53.01,90,0,4.61
312,Hambantota,LK,2021-08-07 17:52:45,6.1241,81.1185,79.54,82,93,19.44
313,Darhan,MN,2021-08-07 17:52:45,49.4867,105.9228,58.71,77,93,4.03
314,Tobermory,CA,2021-08-07 17:52:45,45.2501,-81.6665,67.3,87,17,8.59
315,Penzance,GB,2021-08-07 17:52:46,50.1186,-5.5371,61.81,83,33,26.73
316,Bereket,TM,2021-08-07 17:52:47,39.2446,55.5154,98.76,12,0,9.55
317,Bara,NG,2021-08-07 17:52:47,10.3744,10.7288,75.81,86,93,10.02
318,Shihezi,CN,2021-08-07 17:52:47,44.3,86.0333,78.44,26,73,4.52
319,Sangar,RU,2021-08-07 17:52:48,63.9242,127.4739,60.67,50,48,14.36
320,Beringovskiy,RU,2021-08-07 17:52:48,63.05,179.3167,44.08,90,100,26.37
321,Kassala,SD,2021-08-07 17:52:49,15.451,36.4,89.29,49,7,3.56
322,Impfondo,CG,2021-08-07 17:52:49,1.6381,18.0667,71.17,96,83,3.53
323,Muros,ES,2021-08-07 17:52:49,42.7762,-9.0603,70.84,69,1,11.77
324,Lamu,KE,2021-08-07 17:52:50,-2.2717,40.902,75.42,82,42,14.09
325,Adelaide,AU,2021-08-07 17:49:18,-34.9333,138.6,51.3,86,75,5.75
326,Rjukan,NO,2021-08-07 17:52:51,59.8789,8.5941,58.44,93,100,4.09
327,Mugur-Aksy,RU,2021-08-07 17:52:51,50.35,90.5,45.36,90,99,3.71
328,Kahului,US,2021-08-07 17:52:51,20.8947,-156.47,77.02,70,20,13.8
329,Jiujiang,CN,2021-08-07 17:52:52,29.7333,115.9833,81.86,72,61,6.98
330,Edd,ER,2021-08-07 17:52:52,13.9297,41.6925,89.42,72,51,6.02
331,Carballo,ES,2021-08-07 17:52:53,43.213,-8.691,69.76,81,35,5.68
332,Port Lincoln,AU,2021-08-07 17:52:53,-34.7333,135.8667,51.78,78,15,10.56
333,Alyangula,AU,2021-08-07 17:52:54,-13.8483,136.4192,55.27,88,51,0.0
334,Vestmannaeyjar,IS,2021-08-07 17:52:54,63.4427,-20.2734,55.24,87,86,12.66
335,Strezhevoy,RU,2021-08-07 17:52:55,60.7333,77.5889,62.58,70,93,4.09
336,Gushi,CN,2021-08-07 17:52:55,34.6425,109.5843,75.33,44,67,2.06
337,Clyde River,CA,2021-08-07 17:52:56,70.4692,-68.5914,39.43,100,90,12.66
338,Sinnamary,GF,2021-08-07 17:52:56,5.3833,-52.95,81.19,80,68,4.9
339,Salinas,US,2021-08-07 17:49:25,36.6777,-121.6555,75.52,70,40,5.75
340,Oriximiná,BR,2021-08-07 17:52:57,-1.7656,-55.8661,93.22,32,12,7.85
341,Brae,GB,2021-08-07 17:52:58,60.3964,-1.353,60.71,92,100,19.69
342,Namatanai,PG,2021-08-07 17:52:58,-3.6667,152.4333,77.79,82,41,7.36
343,Havre-St-Pierre,CA,2021-08-07 17:52:58,50.2334,-63.5986,62.96,88,90,8.05
344,Nhulunbuy,AU,2021-08-07 17:52:59,-12.2333,136.7667,72.21,78,40,8.05
345,Zhaodong,CN,2021-08-07 17:52:59,46.0833,125.9833,68.02,83,0,4.81
346,Dali,CN,2021-08-07 17:53:00,25.7,100.1833,64.31,96,100,5.82
347,Isfahan,IR,2021-08-07 17:53:00,32.6572,51.6776,85.64,17,93,5.23
348,Agadez,NE,2021-08-07 17:53:00,19.75,10.25,98.76,8,36,6.06
349,Rafaela,AR,2021-08-07 17:53:01,-31.2503,-61.4867,88.05,25,5,4.0
350,Mahon,ES,2021-08-07 17:53:01,39.8885,4.2658,82.96,74,40,5.75
351,Naliya,IN,2021-08-07 17:53:01,23.2667,68.8333,82.33,71,51,13.11
352,Portland,US,2021-08-07 17:50:56,45.5234,-122.6762,80.01,60,75,1.99
353,Baruun-Urt,MN,2021-08-07 17:53:02,46.6806,113.2792,63.95,54,98,4.47
354,Smidovich,RU,2021-08-07 17:53:03,48.6,133.8167,56.28,95,100,17.54
355,Alta Floresta,BR,2021-08-07 17:53:03,-9.8756,-56.0861,96.62,21,0,4.61
356,Sola,VU,2021-08-07 17:53:04,-13.8833,167.55,78.49,77,88,19.8
357,Aitape,PG,2021-08-07 17:53:04,-3.1374,142.3475,76.37,80,96,3.94
358,Nantucket,US,2021-08-07 17:53:05,41.2835,-70.0995,82.74,82,100,13.15
359,Las Cruces,US,2021-08-07 17:53:05,32.3123,-106.7783,96.06,25,1,1.01
360,Chapais,CA,2021-08-07 17:53:05,49.7834,-74.8492,58.78,33,15,8.63
361,Nome,US,2021-08-07 17:53:06,64.5011,-165.4064,48.27,82,90,12.66
362,Sharan,RU,2021-08-07 17:53:06,54.8167,54.0,62.35,53,99,2.68
363,Dongsheng,CN,2021-08-07 17:53:07,39.8161,109.9776,75.74,36,100,14.61
364,Whitehorse,CA,2021-08-07 17:53:07,60.7161,-135.0538,56.17,94,90,0.0
365,Bagdarin,RU,2021-08-07 17:53:07,54.4333,113.6,54.84,98,100,2.33
366,Dudinka,RU,2021-08-07 17:53:08,69.4058,86.1778,56.59,55,43,7.09
367,Ft. Pierce,US,2021-08-07 17:53:08,27.4467,-80.3256,92.08,76,75,3.0
368,Wahiawā,US,2021-08-07 17:53:09,21.5028,-158.0236,75.87,71,75,6.91
369,Minokamo,JP,2021-08-07 17:53:09,35.482,137.0217,76.19,83,98,4.97
370,Skjervøy,NO,2021-08-07 17:53:09,70.0311,20.9714,54.79,84,76,1.86
371,Santa Marta,CO,2021-08-07 17:53:10,11.2408,-74.199,90.34,73,96,10.89
372,Komatipoort,ZA,2021-08-07 17:53:10,-25.4332,31.9548,65.05,82,0,6.53
373,Mitsamiouli,KM,2021-08-07 17:53:11,-11.3847,43.2844,77.31,66,75,5.93
374,Mindelo,CV,2021-08-07 17:53:11,16.8901,-24.9804,81.95,61,75,17.27
375,Sibu,MY,2021-08-07 17:53:11,2.3,111.8167,75.51,94,40,3.44
376,Praxédis Guerrero,MX,2021-08-07 17:53:12,31.3667,-106.0167,92.55,20,74,5.79
377,Tuktoyaktuk,CA,2021-08-07 17:53:12,69.4541,-133.0374,42.8,87,90,11.5
378,Kisi,NG,2021-08-07 17:53:13,9.0833,3.85,73.0,92,97,5.03
379,Dingle,PH,2021-08-07 17:53:13,10.9995,122.6711,76.33,89,18,3.42
380,Yershichi,RU,2021-08-07 17:53:14,53.6725,32.7542,62.89,73,90,6.67
381,Honningsvåg,NO,2021-08-07 17:53:14,70.9821,25.9704,53.02,89,64,3.2
382,Pimentel,PE,2021-08-07 17:53:14,-6.8367,-79.9342,68.29,78,90,1.01
383,Hargeisa,SO,2021-08-07 17:53:15,9.56,44.065,73.99,61,87,21.07
384,Batemans Bay,AU,2021-08-07 17:53:15,-35.7167,150.1833,48.9,89,30,4.21
385,Buala,SB,2021-08-07 17:53:16,-8.145,159.5921,77.99,80,92,3.53
386,Palauig,PH,2021-08-07 17:53:16,15.435,119.9045,80.91,86,100,10.04
387,Palu,ID,2021-08-07 17:52:04,-0.8917,119.8707,76.68,94,100,3.91
388,Maiduguri,NG,2021-08-07 17:53:17,11.8464,13.1603,76.78,81,97,8.7
389,Dukat,RU,2021-08-07 17:53:17,62.55,155.55,44.71,98,100,4.32
390,Iwanai,JP,2021-08-07 17:53:17,42.9744,140.5089,71.55,97,100,7.14
391,Ukiah,US,2021-08-07 17:53:18,39.1502,-123.2078,93.36,44,1,3.44
392,Sechura,PE,2021-08-07 17:53:18,-5.5569,-80.8222,75.79,56,37,12.97
393,Chumikan,RU,2021-08-07 17:53:19,54.7183,135.315,50.74,90,100,15.9
394,Makakilo City,US,2021-08-07 17:53:19,21.3469,-158.0858,77.68,70,75,6.91
395,Eilat,IL,2021-08-07 17:50:24,29.5581,34.9482,96.64,23,0,13.8
396,Kirakira,SB,2021-08-07 17:53:20,-10.4544,161.9205,76.93,82,100,5.57
397,Charlestown,AU,2021-08-07 17:53:20,-32.95,151.6667,54.73,72,16,3.0
398,Pisco,PE,2021-08-07 17:53:14,-13.7,-76.2167,64.02,72,90,8.05
399,Mersing,MY,2021-08-07 17:53:21,2.4312,103.8405,76.91,94,51,4.61
400,Sovetskaya Gavan',RU,2021-08-07 17:53:21,48.9723,140.2878,54.23,90,100,9.48
401,Sisimiut,GL,2021-08-07 17:53:22,66.9395,-53.6735,41.47,95,100,4.45
402,Petropavlovsk-Kamchatskiy,RU,2021-08-07 17:52:27,53.0452,158.6483,43.39,100,75,2.24
403,Sidi Ali,DZ,2021-08-07 17:53:22,36.0998,0.4206,79.47,50,10,7.9
404,Innisfail,AU,2021-08-07 17:53:23,-17.5333,146.0333,66.94,88,93,6.73
405,Powell River,CA,2021-08-07 17:53:23,49.8496,-124.5361,64.67,94,90,10.36
406,Nogliki,RU,2021-08-07 17:53:24,51.8333,143.1667,52.99,84,93,12.15
407,Qaqortoq,GL,2021-08-07 17:53:24,60.7167,-46.0333,44.98,92,100,7.76
408,Biltine,TD,2021-08-07 17:53:25,14.5333,20.9167,83.28,58,93,11.99
409,Westport,US,2021-08-07 17:53:25,41.1415,-73.3579,88.05,60,100,1.01
410,Mahibadhoo,MV,2021-08-07 17:53:25,3.7833,72.9667,82.87,75,100,10.02
411,Tabas,IR,2021-08-07 17:53:26,33.5959,56.9244,92.48,11,0,9.33
412,Tortolì,IT,2021-08-07 17:53:26,39.9256,9.6572,86.99,66,0,4.61
413,Sargūr,IN,2021-08-07 17:53:27,11.9833,76.4167,70.34,93,99,6.93
414,Dawson Creek,CA,2021-08-07 17:53:27,55.7666,-120.2362,56.84,62,90,16.11
415,Hay River,CA,2021-08-07 17:53:27,60.8156,-115.7999,60.78,94,90,5.75
416,Poros,GR,2021-08-07 17:53:28,37.4994,23.4536,87.85,60,1,5.75
417,Ushumun,RU,2021-08-07 17:53:28,52.7833,126.5333,52.57,95,85,10.02
418,Kampong Chhnang,KH,2021-08-07 17:53:29,12.1667,104.55,79.03,85,98,2.55
419,Poum,NC,2021-08-07 17:53:29,-20.2333,164.0167,69.4,70,90,8.25
420,Ankazoabo,MG,2021-08-07 17:53:30,-22.2833,44.5167,68.45,40,1,13.15
421,Marondera,ZW,2021-08-07 17:53:30,-18.1853,31.5519,52.39,40,0,4.79
422,Hamilton,US,2021-08-07 17:51:30,39.1834,-84.5333,88.75,56,1,1.99
423,Villa Constitución,AR,2021-08-07 17:53:31,-33.2278,-60.3297,82.89,28,1,4.76
424,Sibolga,ID,2021-08-07 17:53:31,1.7427,98.7792,76.89,90,62,2.59
425,Kiruna,SE,2021-08-07 17:53:31,67.8557,20.2251,65.32,42,20,6.91
426,Makokou,GA,2021-08-07 17:53:32,0.5738,12.8642,71.55,90,98,2.57
427,Peterhead,GB,2021-08-07 17:53:33,57.5058,-1.7981,65.12,85,21,15.43
428,Baltiysk,RU,2021-08-07 17:53:33,54.6538,19.911,66.18,73,32,2.48
429,Fonte Boa,BR,2021-08-07 17:53:34,-2.4959,-66.2662,85.84,59,22,3.04
430,Karabash,RU,2021-08-07 17:53:34,55.4808,60.2157,55.02,73,33,7.4
431,Garhwa,IN,2021-08-07 17:53:35,24.1833,83.8167,80.06,86,99,3.24
432,Siavonga,ZM,2021-08-07 17:53:35,-16.5382,28.7088,70.43,43,0,3.04
433,Mayahi,NE,2021-08-07 17:53:35,13.9553,7.6712,92.26,42,56,11.59
434,Severnoye,RU,2021-08-07 17:53:36,56.3491,78.3619,61.36,90,82,3.38
435,Shimoda,JP,2021-08-07 17:53:36,34.6667,138.95,78.37,93,100,27.09
436,Nānākuli,US,2021-08-07 17:53:37,21.3906,-158.1547,79.11,68,75,6.91
437,Mandera,KE,2021-08-07 17:53:37,3.9366,41.867,84.52,39,59,17.94
438,Butembo,CD,2021-08-07 17:53:37,0.15,29.2833,57.87,90,49,3.02
439,Kuopio,FI,2021-08-07 17:53:38,62.8924,27.677,67.95,49,0,14.97
440,Kaka,TM,2021-08-07 17:53:38,37.3482,59.6143,92.37,14,21,1.41
441,Jérémie,HT,2021-08-07 17:53:39,18.65,-74.1167,86.04,65,31,3.47
442,Mahalapye,BW,2021-08-07 17:53:39,-23.1041,26.8142,69.03,20,4,4.21
443,Togur,RU,2021-08-07 17:53:39,58.3631,82.8265,60.8,94,81,3.53
444,Pánormos,GR,2021-08-07 17:53:40,35.4182,24.6909,87.03,58,0,3.11
445,Ongandjera,NA,2021-08-07 17:53:40,-17.8833,15.0667,70.5,17,0,6.51
446,Vestmanna,FO,2021-08-07 17:53:41,62.1564,-7.1664,63.52,59,75,13.8
447,Kaniama,CD,2021-08-07 17:53:41,-7.5667,24.1833,78.89,23,88,3.69
448,Oranjemund,NA,2021-08-07 17:53:41,-28.55,16.4333,59.59,64,32,0.54
449,Gibgos,PH,2021-08-07 17:53:42,13.859,123.7675,80.76,85,100,4.83
450,Gazojak,TM,2021-08-07 17:53:42,41.1875,61.4036,94.75,14,9,10.56
451,Alofi,NU,2021-08-07 17:53:40,-19.0595,-169.9187,71.49,83,20,8.05
452,Bonthe,SL,2021-08-07 17:53:43,7.5264,-12.505,80.46,66,79,8.77
453,Shelburne,CA,2021-08-07 17:53:43,44.0787,-80.2041,81.84,74,88,8.37
454,Lahaina,US,2021-08-07 17:53:44,20.8783,-156.6825,77.0,69,3,10.04
455,Ostrovnoy,RU,2021-08-07 17:53:44,68.0531,39.5131,57.67,80,33,10.65
456,Bata,GQ,2021-08-07 17:53:44,1.8639,9.7658,78.66,94,40,3.44
457,Sitka,US,2021-08-07 17:53:45,57.0531,-135.33,58.89,94,90,0.0
458,Darnah,LY,2021-08-07 17:53:45,32.767,22.6367,80.11,78,0,17.6
459,Ixtapa,MX,2021-08-07 17:53:46,20.7,-105.2,85.23,75,91,3.0
460,Erdenet,MN,2021-08-07 17:53:46,49.0333,104.0833,52.9,78,100,4.68
461,Tromsø,NO,2021-08-07 17:49:36,69.6496,18.957,70.45,59,20,13.8
462,Monroe,US,2021-08-07 17:51:24,43.1501,-77.6831,87.49,55,75,5.75
463,Ughelli,NG,2021-08-07 17:53:47,5.4899,6.0074,76.68,84,100,4.83
464,Usilampatti,IN,2021-08-07 17:53:47,9.9667,77.8,83.35,78,98,4.14
465,Haines Junction,CA,2021-08-07 17:53:47,60.7522,-137.5108,53.55,87,71,1.14
466,Talāja,IN,2021-08-07 17:53:48,21.35,72.05,83.7,73,30,11.83
467,Manokwari,ID,2021-08-07 17:53:48,-0.8667,134.0833,77.59,83,100,2.21
468,Anta,IN,2021-08-07 17:53:49,25.15,76.3,79.09,85,100,6.26
469,Jaciara,BR,2021-08-07 17:53:49,-15.9653,-54.9683,93.34,19,72,5.55
470,Goundi,TD,2021-08-07 17:53:50,9.3627,17.366,73.99,89,83,3.89
471,Izhmorskiy,RU,2021-08-07 17:53:50,56.194,86.6414,58.3,95,58,5.3
472,Santa Rosa,PH,2021-08-07 17:53:51,14.3122,121.1114,83.1,84,99,6.24
473,Prado,BR,2021-08-07 17:53:51,-17.3411,-39.2208,72.48,71,68,9.66
474,Yarmouth,US,2021-08-07 17:53:51,41.7057,-70.2286,90.45,76,1,10.36
475,Berlevåg,NO,2021-08-07 17:53:52,70.8578,29.0864,61.39,67,57,7.45
476,Kropotkin,RU,2021-08-07 17:53:52,45.4375,40.5756,80.78,57,100,5.32
477,Bulungu,CD,2021-08-07 17:53:53,-4.55,18.6,82.31,20,71,2.15
478,Gallup,US,2021-08-07 17:53:53,35.5281,-108.7426,82.02,24,0,4.0
479,Nuuk,GL,2021-08-07 17:53:54,64.1835,-51.7216,44.65,77,99,7.36
480,Faya,SA,2021-08-07 17:53:54,18.3851,42.4509,68.11,64,59,4.94
481,Urukh,RU,2021-08-07 17:53:54,43.2933,44.0265,80.15,57,72,5.57
482,Mórrope,PE,2021-08-07 17:53:55,-6.5417,-80.0111,68.11,59,78,16.91
483,Perth,AU,2021-08-07 17:52:33,-31.9333,115.8333,56.08,95,40,4.61
484,Omboué,GA,2021-08-07 17:53:56,-1.5746,9.2618,74.41,81,98,8.41
485,Lensk,RU,2021-08-07 17:53:56,60.7253,114.9278,58.62,99,92,2.53
486,Arlit,NE,2021-08-07 17:53:57,18.7369,7.3853,104.83,13,43,8.16
487,Vavuniya,LK,2021-08-07 17:53:57,8.7514,80.4971,77.95,83,88,7.36
488,Mahon,ES,2021-08-07 17:53:57,39.8885,4.2658,82.96,74,40,5.75
489,Shellbrook,CA,2021-08-07 17:53:58,53.2168,-106.4011,65.43,47,100,9.98
490,Sison,PH,2021-08-07 17:53:58,16.1739,120.5153,76.69,90,100,3.94
491,Slave Lake,CA,2021-08-07 17:53:59,55.2834,-114.769,60.78,59,90,6.91
492,Cotonou,BJ,2021-08-07 17:53:59,6.3654,2.4183,78.78,89,20,13.8
493,Slatina,RO,2021-08-07 17:54:00,44.4333,24.3667,84.51,39,1,8.63
494,Araouane,ML,2021-08-07 17:54:00,18.9048,-3.5265,104.9,21,69,8.43
495,Tabuk,PH,2021-08-07 17:54:00,17.4189,121.4443,77.72,78,100,3.94
496,Pijijiapan,MX,2021-08-07 17:54:01,15.7011,-93.23,86.88,62,97,5.68
497,Campbell River,CA,2021-08-07 17:54:01,50.0163,-125.2446,63.93,94,90,5.75
498,Puerto Ayacucho,VE,2021-08-07 17:54:02,5.6639,-67.6236,84.67,65,71,1.05
499,Abhā,SA,2021-08-07 17:54:02,18.2164,42.5053,67.82,64,20,5.75
500,Ozernovskiy,RU,2021-08-07 17:54:03,51.5,156.5167,51.51,74,98,6.11
501,Riyadh,SA,2021-08-07 17:54:03,24.6877,46.7219,104.14,10,41,7.65
502,Fairbanks,US,2021-08-07 17:53:14,64.8378,-147.7164,59.09,94,90,1.01
503,Risør,NO,2021-08-07 17:54:04,58.7206,9.2342,64.29,71,96,7.23
504,Kushiro,JP,2021-08-07 17:54:04,42.975,144.3747,69.3,96,6,1.59
505,Akureyri,IS,2021-08-07 17:54:05,65.6835,-18.0878,58.93,77,90,9.22
506,Cartagena,CO,2021-08-07 17:54:05,10.3997,-75.5144,89.22,70,40,8.05
507,Damietta,EG,2021-08-07 17:54:06,31.4165,31.8133,87.69,73,0,16.75
508,Kristianstad,SE,2021-08-07 17:54:06,56.0313,14.1524,71.94,86,39,1.99
509,Snezhnogorsk,RU,2021-08-07 17:54:06,69.1933,33.2531,65.98,61,7,3.18
510,Pathein,MM,2021-08-07 17:53:51,16.7833,94.7333,79.32,91,99,4.5
511,Trairi,BR,2021-08-07 17:54:07,-3.2778,-39.2689,85.73,54,68,15.93
512,Tezu,IN,2021-08-07 17:54:07,27.9167,96.1667,77.81,98,98,2.8
513,Afikpo,NG,2021-08-07 17:54:08,5.8931,7.9374,73.33,93,99,5.77
514,Montluçon,FR,2021-08-07 17:54:08,46.3333,2.6,68.7,67,28,5.01
515,Porto-Novo,BJ,2021-08-07 17:54:09,6.4965,2.6036,78.62,86,97,7.67
516,Nhamundá,BR,2021-08-07 17:54:09,-2.1861,-56.7131,97.05,30,26,4.38
517,Olot,ES,2021-08-07 17:54:10,42.181,2.4901,83.41,87,80,2.06
518,Tigre,AR,2021-08-07 17:54:10,-34.426,-58.5796,80.29,51,0,6.91
519,Asmara,ER,2021-08-07 17:53:03,15.3333,38.9333,63.46,71,6,4.14
520,Atar,MR,2021-08-07 17:54:11,20.5169,-13.0499,98.85,31,3,13.2
521,Pochutla,MX,2021-08-07 17:54:11,15.7432,-96.4661,80.82,61,100,6.55
522,Tura,IN,2021-08-07 17:54:11,25.5198,90.2201,74.82,98,100,4.05
523,Srednekolymsk,RU,2021-08-07 17:54:12,67.45,153.6833,40.87,81,53,5.48
524,Cururupu,BR,2021-08-07 17:54:12,-1.8283,-44.8683,87.1,53,44,3.71
525,La Libertad,EC,2021-08-07 17:54:13,-2.2333,-80.9,71.26,83,90,14.97
526,Ojinaga,MX,2021-08-07 17:54:13,29.5667,-104.4167,95.58,35,1,3.44
527,Kitale,KE,2021-08-07 17:54:14,1.0157,35.0062,58.57,90,94,0.72
528,Nālūt,LY,2021-08-07 17:54:14,30.3333,10.85,101.37,7,0,7.25
529,Kuching,MY,2021-08-07 17:54:14,1.55,110.3333,77.22,94,20,2.3
530,Honiara,SB,2021-08-07 17:53:21,-9.4333,159.95,76.35,85,100,3.87
531,Leshukonskoye,RU,2021-08-07 17:54:15,64.8989,45.7622,54.12,74,12,3.11
532,Yeniseysk,RU,2021-08-07 17:54:15,58.4497,92.1703,60.8,79,18,2.39
533,Adeje,ES,2021-08-07 17:51:25,28.1227,-16.726,74.28,72,22,1.01
534,Farafangana,MG,2021-08-07 17:54:16,-22.8167,47.8333,67.1,81,0,3.24
535,Umm Hājar,TD,2021-08-07 17:54:16,13.2954,19.6966,81.73,65,91,6.11
536,Rock Sound,BS,2021-08-07 17:54:17,24.9,-76.2,83.37,73,4,11.12
537,Yumen,CN,2021-08-07 17:54:17,40.2833,97.2,71.85,32,56,9.71
538,Wawa,NG,2021-08-07 17:54:18,9.9022,4.4192,75.49,88,98,5.5
539,Rincon,US,2021-08-07 17:54:18,32.296,-81.2354,84.38,85,100,6.78
540,Touros,BR,2021-08-07 17:54:18,-5.1989,-35.4608,85.1,61,49,22.35
541,Broken Hill,AU,2021-08-07 17:54:19,-31.95,141.4333,42.51,75,0,5.75
542,Evensk,RU,2021-08-07 17:54:19,61.95,159.2333,52.57,83,58,11.83
543,Kodinsk,RU,2021-08-07 17:54:20,58.6881,99.1844,61.16,53,72,3.36
544,Kazachinskoye,RU,2021-08-07 17:54:20,57.6953,93.2761,62.4,76,50,2.06
545,Padang,ID,2021-08-07 17:51:09,-0.9492,100.3543,78.08,88,33,3.89
546,Puerto Escondido,MX,2021-08-07 17:54:21,15.85,-97.0667,84.16,75,100,9.71
547,El Batey,DO,2021-08-07 17:54:21,19.7667,-70.5167,93.24,70,20,13.8
548,Lubao,PH,2021-08-07 17:54:22,14.9167,120.55,83.14,90,96,4.38
549,Merauke,ID,2021-08-07 17:54:22,-8.4667,140.3333,73.54,82,89,11.54
550,Bredy,RU,2021-08-07 17:54:23,52.4153,60.3411,61.23,48,53,8.55
551,Bela Cruz,BR,2021-08-07 17:54:23,-3.0506,-40.1678,97.03,27,24,12.66
552,Asaba,NG,2021-08-07 17:54:24,6.2006,6.7338,73.44,95,100,5.23
553,Lingao,CN,2021-08-07 17:54:24,19.9103,109.6859,83.43,76,100,4.85
554,Palana,RU,2021-08-07 17:54:24,59.1167,159.9667,47.3,78,100,6.38
